"ID","Description","setSize","enrichmentScore","NES","pvalue","p.adjust","qvalue","rank","leading_edge","core_enrichment","Category"
"GO:0016477","cell migration",550,-0.454874413761796,-1.93704269146951,1.47082537493849e-15,4.21906258801105e-12,3.69254580971399e-12,1464,"tags=36%, list=22%, signal=30%","10979/998/9748/2737/23294/8976/5108/5829/2530/8874/6093/1950/657/4041/3066/84159/27342/2768/134/23075/57178/3908/6648/23788/4363/7082/285/102/4000/51330/26053/5787/9124/57698/5604/8473/23309/1002/2909/221692/1499/23060/7046/65979/4017/54328/2309/4780/6774/6792/3320/7048/5796/55604/9181/57142/29119/3728/81/4756/25805/57531/54764/64750/655/84612/8817/7126/2201/25959/27145/80005/5793/93649/64083/5581/6667/6868/2316/9530/80312/30837/11057/56034/1460/23022/8613/79932/5339/2113/57057/7145/10395/91584/79595/81792/8239/119/3717/1525/1289/140885/65125/153769/7060/4131/857/306/10370/90627/10769/1398/2651/2146/79647/10253/56999/182/5911/2260/6422/9620/104/89795/653/5792/55742/5594/90/1009/30844/9564/22800/960/9037/114793/9693/57556/2534/81029/1948/57464/2131/54437/23286/5587/2887/80310/8503/357/7412/3554/8829/3315/54986/9464/8543/1006/7422/144165/57118/4163/9922/10396/5578/5362/79890/1600/30011/1012/83478/27185/949/4627/23768/5295/10082/79729/2013/4147/6387/7042/23284/9423/2043/9353/3910/147495/90102/3912/1010/284/6695/147372/89796/2042","Migration"
"GO:0048870","cell motility",608,-0.428334126356826,-1.82992125243793,1.02067299578889e-13,1.46390024421021e-10,1.28121320787184e-10,1464,"tags=34%, list=22%, signal=30%","10979/998/9748/2737/23294/8976/5108/667/5829/2530/8874/6093/1950/657/4041/3066/84159/27342/2768/134/23075/57178/3908/6648/23788/4363/7082/285/54970/102/285335/4000/51330/26053/5787/9124/57698/5604/8473/23309/144132/22876/1002/2909/221692/1499/23060/7046/65979/4017/54328/79925/2309/4780/6774/6792/3320/7048/5796/55604/9181/57142/29119/3728/81/4756/25805/57531/54764/64750/655/84612/8817/7126/2201/11034/25959/27145/80005/5793/93649/64083/5581/6667/6868/2316/9530/80312/30837/11057/56034/200373/1460/23022/8613/79932/5339/2113/57057/7145/10395/91584/79595/81792/8239/119/3717/1525/1289/140885/65125/153769/7060/4131/55435/857/306/10370/90627/10769/29085/1398/2651/55779/2146/79647/10253/56999/182/5911/2260/6422/9620/55740/104/89795/653/5792/55742/5594/90/1009/30844/9564/22800/960/9037/114793/9693/57556/2534/81029/1948/57464/2131/54437/23286/5587/2887/80310/8503/357/7412/3554/8829/3315/54986/9464/8543/1006/7422/144165/57118/4163/9922/10396/5578/5362/79890/1600/30011/1012/83478/27185/949/4627/23768/5295/10082/79729/2013/4147/6387/7042/23284/9423/2043/9353/3910/147495/90102/3912/1010/284/6695/8701/147372/89796/2042","Migration"
"GO:0030182","neuron differentiation",593,-0.426530509393997,-1.82026004298912,1.17406569522288e-12,1.12260248224895e-09,9.8250760810757e-10,1346,"tags=31%, list=20%, signal=27%","663/4781/2182/9912/57178/3908/6648/56288/10251/23390/2181/25925/3516/57721/51330/57688/26053/127933/5978/57698/5604/729920/22876/10210/1002/2909/3624/221692/57154/1499/2064/7046/5090/221935/7534/2309/4780/6774/6792/5796/6498/6659/9181/124936/57142/51567/11078/950/4756/9896/23316/6507/8904/1523/655/55754/3251/222484/84612/6812/8301/11171/55182/28996/5087/26230/23394/7204/23327/283310/3786/5793/4211/6868/22882/23258/2560/84298/4343/5818/2071/23022/1123/57520/4205/57057/1400/23011/91584/8239/8325/3717/65125/4684/10677/6092/4131/10611/9637/9175/65059/57551/1398/2146/182/5911/2260/6422/55714/9620/26999/6586/55740/5274/104/653/5792/10100/1009/9037/4134/9693/57556/2534/2736/91752/81029/10313/9855/1948/2131/79778/57699/9745/54437/5587/2824/7412/8829/54986/4774/9464/8543/1946/7422/7357/144165/57451/57118/5789/51761/26037/9922/9315/5578/6457/1600/53335/27185/11141/339479/6095/6616/23768/4147/1272/9378/6387/7042/7465/54549/2562/9423/23242/2043/9353/57554/53942/8499/3912/26011/6695/238/285220/161357/2042","Development"
"GO:0072359","circulatory system development",505,-0.429961126874122,-1.82623415057426,9.09261584031154e-12,6.52054213448341e-09,5.70681283661659e-09,1317,"tags=34%, list=20%, signal=30%","64344/57178/6648/5019/7082/285/102/88/4000/3516/92140/51330/7273/5787/1432/9124/84168/57545/84700/5978/161882/5604/9645/3099/341640/3624/1499/2064/7046/91807/171023/4017/7534/6196/4780/6774/157378/7048/6659/11214/57142/7403/3728/90139/6262/6926/55212/115701/655/9686/8817/10664/28996/4879/54880/10758/93649/4211/5915/7716/775/6667/9990/23118/25976/26146/9472/3949/8613/5339/27295/2113/4205/64091/57057/54583/9794/10395/91584/8814/10087/8325/4215/2308/1525/59343/1289/65125/6092/11155/5315/7060/10611/4892/205428/677/857/306/10370/90627/10769/56913/10253/56999/182/2260/6422/2257/6586/653/55742/5594/10848/90/1009/30844/221981/83605/9037/9693/57556/2534/2736/3490/57211/56950/1948/2131/57158/7134/4625/4016/7135/5587/10021/80310/8503/5125/7412/10267/8829/8470/3315/9464/8543/5230/7422/144165/302/113622/1301/5578/10052/1012/83478/4643/79602/5318/7052/6095/4627/23768/23670/2013/9378/6387/7042/10252/9353/5140/26011/284/8701/147372","Development"
"GO:0048666","neuron development",495,-0.424095480790049,-1.79959562499919,1.12694121853403e-10,6.46526177072973e-08,5.65843117095507e-08,1316,"tags=31%, list=20%, signal=27%","9912/57178/3908/6648/56288/10251/23390/51330/26053/127933/5978/57698/5604/729920/22876/10210/1002/2909/221692/57154/1499/2064/5090/221935/7534/4780/6792/5796/6498/57142/51567/11078/950/4756/9896/23316/6507/8904/1523/655/55754/3251/84612/6812/8301/55182/5087/26230/23394/7204/23327/283310/3786/5793/6868/23258/2560/84298/4343/5818/23022/1123/57520/4205/1400/23011/91584/8239/3717/65125/4684/10677/6092/4131/10611/9637/9175/65059/57551/1398/2146/5911/2260/6422/55714/9620/26999/6586/55740/5274/104/653/5792/10100/1009/9037/4134/9693/57556/2534/2736/91752/9855/1948/2131/79778/57699/54437/5587/2824/8829/54986/9464/8543/1946/7422/7357/144165/57451/57118/5789/51761/26037/9922/9315/5578/1600/53335/27185/11141/6616/23768/4147/1272/9378/6387/7042/7465/2562/9423/23242/2043/9353/57554/53942/8499/3912/26011/6695/238/285220/2042","Development"
"GO:0035295","tube development",411,-0.437453974456318,-1.84087188920783,1.54082794135202e-10,7.14576690026244e-08,6.25401284629815e-08,1282,"tags=34%, list=19%, signal=29%","7082/285/26249/3516/92140/51330/5787/1432/57545/84700/5604/9645/3099/83931/2909/1499/2064/7046/171023/65979/4017/7534/6310/4780/6774/6431/7048/9788/6659/57142/3728/6670/90139/6046/6262/6926/55212/655/8817/55182/28996/5087/4879/384/93649/4211/5915/7716/6667/9990/25976/26146/56034/3949/1460/2908/9955/2113/57057/54583/10395/91584/81792/8325/65125/6092/5315/7060/677/857/306/10370/90627/10769/55366/56913/10253/56999/10765/182/2260/6422/9620/255743/653/55742/5594/90/30844/221981/83605/9037/9693/57556/2534/55083/2736/3490/57211/1948/2131/5587/8503/5125/10267/8829/3315/4774/9464/8543/5230/7422/144165/25902/302/5578/5362/10052/1012/83478/4643/79602/7052/6095/4627/1896/23670/2013/9378/7042/9423/23242/10252/2043/64478/9353/231/5140/284/147372","Development"
"GO:0050793","regulation of developmental process",961,-0.365277205252339,-1.57592921483112,8.36868164474991e-10,3.42936618542359e-07,3.00139935680128e-07,1622,"tags=33%, list=24%, signal=29%","5894/202018/51265/57630/4904/1399/57534/51441/27031/55023/23476/5590/7532/2734/201501/6772/25937/26013/387/93973/1500/55787/4739/348093/23303/55603/6461/8850/7004/8292/23240/10979/2737/5108/55294/6601/865/6197/55689/8874/6093/1950/657/4217/4041/3066/83737/152503/2768/663/4781/55737/5518/9912/57178/9202/3908/6648/56288/23788/8289/7082/285/102/10251/3516/57721/92140/51330/5787/1432/8848/5978/161882/27097/57698/6272/5604/51010/8473/22876/3099/1002/2909/3624/57154/1499/2064/7046/26524/91807/29102/171023/221935/4017/7534/22839/2309/22883/6310/4780/6774/6431/6792/55727/7048/6498/6659/54517/9181/124936/57142/80179/3728/4756/25805/90139/23091/6046/6926/23522/9896/54764/23316/64750/8904/115701/1523/655/90864/64769/9686/9991/8817/2778/2201/3481/28996/57045/5087/57619/80349/26230/23394/23370/7204/4879/5562/23327/54880/93649/347731/4211/8451/5915/57459/80059/7716/6667/6868/284273/22882/51232/55012/80312/84298/9759/9472/4343/3949/1123/51111/57520/2113/57057/54583/9794/3992/6760/1760/23011/80821/91584/79595/81792/6009/2308/405/3717/7430/1289/65125/6092/51460/4212/5315/7060/4131/10611/81606/9175/677/857/306/10370/90627/10769/55366/4077/1398/55122/2651/79577/2146/79647/10253/56999/10765/182/5911/2260/6422/115825/55818/255743/653/23221/5792/55742/5594/63976/10848/90/83605/960/9037/114793/9693/57556/2534/2736/81029/54815/55795/57211/1948/57464/57699/57158/3707/1040/9745/23286/5587/406/2824/8829/222663/130733/3315/9464/8543/1052/1946/5230/7422/147381/144165/57118/5789/51761/26037/302/28959/9315/64084/23081/5578/6457/1600/30011/53335/27185/11141/5318/339479/7052/6095/4627/23768/5295/23670/664/2013/10766/9378/6387/7042/64332/9423/23242/10252/56172/54756/2043/9353/3910/5140/1290/147495/8499/3912/26011/147372/238/2042","Development"
"GO:0031175","neuron projection development",440,-0.423418387199944,-1.78830304746414,1.65151853377756e-09,6.31650788552125e-07,5.52824098675015e-07,1264,"tags=30%, list=19%, signal=26%","10251/23390/51330/26053/127933/5978/57698/5604/729920/22876/1002/2909/221692/57154/1499/2064/221935/4780/6792/5796/6498/57142/11078/950/4756/9896/23316/8904/1523/655/55754/3251/84612/6812/8301/26230/23394/7204/23327/283310/5793/6868/23258/84298/4343/5818/23022/1123/57520/4205/1400/23011/91584/8239/3717/4684/10677/6092/4131/10611/9637/9175/65059/1398/2146/5911/2260/6422/55714/9620/26999/6586/55740/5274/104/653/5792/10100/1009/9037/4134/9693/57556/2534/2736/91752/1948/2131/79778/57699/54437/5587/2824/8829/54986/8543/1946/7422/144165/57118/5789/51761/26037/9922/9315/5578/1600/53335/27185/11141/6616/23768/4147/1272/9378/6387/7042/7465/9423/23242/2043/9353/57554/53942/8499/3912/6695/238/285220/2042","Development"
"GO:0010975","regulation of neuron projection development",208,-0.490904937702438,-1.97402375725455,3.45082430502833e-09,1.18502554060585e-06,1.03714059772481e-06,1192,"tags=34%, list=18%, signal=29%","57698/5604/22876/1002/2909/57154/4780/6792/6498/57142/950/4756/9896/23316/1523/655/55754/26230/23394/23327/5793/6868/23258/1123/57520/1400/23011/10677/6092/4131/10611/9175/1398/2146/5911/2260/6422/55714/5274/653/5792/9037/9693/2534/91752/1948/5587/8829/54986/1946/7422/57118/5789/51761/26037/1600/53335/27185/11141/6616/1272/6387/9423/23242/2043/9353/57554/8499/6695/238/2042","Development"
"GO:0001568","blood vessel development",282,-0.458386645130554,-1.88615522826195,3.51149279942468e-09,1.18502554060585e-06,1.03714059772481e-06,1613,"tags=43%, list=24%, signal=34%","1399/5795/57534/1000/6772/11064/387/5547/1500/6461/2737/6303/6093/1950/657/4041/80781/64344/57178/7082/285/3516/92140/51330/5787/1432/84168/84700/5604/3099/1499/2064/7046/4017/7534/4780/6774/7048/6659/57142/3728/90139/6926/655/8817/28996/4879/93649/4211/7716/6667/9990/25976/3949/8613/2113/57057/54583/8325/4215/2308/1289/65125/6092/5315/7060/677/857/306/10370/90627/10769/56913/10253/56999/182/2260/6422/55742/5594/90/30844/221981/83605/9037/9693/57556/2534/3490/57211/1948/4016/5587/80310/8503/10267/8829/3315/9464/5230/7422/144165/302/5578/10052/1012/83478/4643/79602/7052/6095/4627/23670/2013/9378/7042/9353/5140/284/147372","Development"
"GO:0001944","vasculature development",298,-0.448035642125924,-1.85015940875248,7.43446860343163e-09,1.9474561947934e-06,1.70442392395889e-06,1613,"tags=42%, list=24%, signal=33%","1399/5795/57534/1000/6772/11064/387/5547/1500/6461/2737/55294/6303/6093/1950/657/4041/80781/64344/57178/6648/7082/285/102/3516/92140/51330/5787/1432/84168/84700/5604/3099/1499/2064/7046/4017/7534/4780/6774/7048/6659/57142/3728/90139/6926/655/8817/28996/4879/93649/4211/7716/6667/9990/25976/3949/8613/2113/57057/54583/8325/4215/2308/1289/65125/6092/5315/7060/677/857/306/10370/90627/10769/56913/10253/56999/182/2260/6422/55742/5594/90/30844/221981/83605/9037/9693/57556/2534/3490/57211/1948/4016/5587/80310/8503/10267/8829/3315/9464/5230/7422/144165/302/5578/10052/1012/83478/4643/79602/7052/6095/4627/23670/2013/9378/6387/7042/9353/5140/284/147372","Development"
"GO:0061564","axon development",216,-0.489117467073125,-1.97202732900416,9.51527866948204e-09,2.27454807195077e-06,1.99069645848374e-06,1256,"tags=36%, list=19%, signal=30%","23390/51330/26053/57698/5604/729920/22876/1002/2909/57154/2064/6792/6498/57142/4756/655/84612/6812/8301/26230/23394/7204/6868/5818/23022/1123/23011/91584/8239/3717/4684/6092/4131/9637/9175/65059/9620/26999/6586/55740/104/5792/10100/1009/9037/57556/2534/2736/1948/2131/54437/2824/8829/8543/1946/7422/144165/51761/26037/9315/5578/1600/53335/27185/23768/4147/1272/9378/6387/7042/9423/23242/2043/9353/53942/285220/2042","Development"
"GO:0007267","cell-cell signaling",389,-0.425647054923139,-1.78703874208705,9.2624654147085e-09,2.27454807195077e-06,1.99069645848374e-06,1394,"tags=34%, list=21%, signal=29%","4041/3708/79971/7402/9474/5621/134/783/2182/55737/9912/3908/5019/51304/102/23390/5978/3624/1499/6196/22839/22883/6310/6774/6792/6659/57142/4756/6262/6926/23316/6507/57616/8817/2778/6812/5577/3667/23394/805/7204/3786/80213/84961/2776/775/5581/6868/9990/2316/2560/774/2908/3840/26059/56888/3992/1760/29/6509/3360/2308/3717/1525/2550/4131/22987/80331/5908/1407/111/2782/10769/29085/2146/10765/2260/2257/776/114897/104/5594/1009/27445/9037/9693/2534/9455/6198/2131/1740/6780/5587/2743/10021/54407/5125/406/8829/1006/1946/2894/147381/1129/57451/5789/143425/26037/80223/64084/5578/10052/30011/8224/27185/11141/2898/5318/7052/2982/6616/2564/2256/9378/6387/51762/2562/22986/1131/2043/8499/2259/11069/9229","Signaling"
"GO:0048667","cell morphogenesis involved in neuron differentiation",258,-0.470217945451667,-1.92069565523337,1.08748126173353e-08,2.39956923021741e-06,2.10011563500767e-06,1316,"tags=35%, list=20%, signal=29%","9912/3908/56288/23390/51330/26053/5978/57698/5604/729920/1002/2909/221692/57154/2064/6792/6498/57142/11078/4756/23316/6507/1523/655/3251/84612/6812/8301/26230/23394/7204/23327/6868/5818/23022/1123/57520/4205/23011/91584/8239/4684/6092/4131/10611/9637/9175/65059/5911/9620/26999/6586/55740/104/1009/9037/9693/57556/2534/2736/1948/2131/54437/8829/8543/1946/7422/144165/5789/51761/26037/5578/1600/53335/27185/11141/23768/4147/1272/9378/6387/7042/9423/23242/2043/9353/53942/8499/285220/2042","Development"
"GO:0030334","regulation of cell migration",353,-0.431765996832924,-1.80310255447456,1.08109872223997e-08,2.39956923021741e-06,2.10011563500767e-06,1464,"tags=35%, list=22%, signal=29%","10979/998/9748/8976/8874/6093/1950/657/3066/27342/2768/134/23075/3908/6648/7082/285/102/4000/57698/5604/8473/23309/221692/23060/7046/54328/2309/4780/6774/7048/5796/55604/9181/57142/3728/81/57531/64750/655/84612/8817/2201/80005/5793/93649/5581/6667/6868/2316/9530/80312/30837/11057/56034/1460/8613/2113/10395/91584/79595/3717/65125/153769/7060/857/306/10370/90627/10769/1398/2651/2146/79647/10253/56999/182/5911/2260/6422/104/89795/653/5594/90/1009/9564/22800/9037/9693/57556/2534/81029/54437/5587/80310/8503/3554/8829/3315/54986/8543/7422/57118/4163/9922/10396/5578/5362/79890/1012/949/23768/5295/2013/6387/7042/9423/2043/9353/3910/90102/3912/284/147372","Migration"
"GO:2000145","regulation of cell motility",367,-0.421443342765536,-1.76340524521784,3.81498834114248e-08,6.3506852489304e-06,5.55815319530619e-06,1464,"tags=35%, list=22%, signal=29%","10979/998/9748/8976/8874/6093/1950/657/3066/27342/2768/134/23075/3908/6648/7082/285/102/4000/57698/5604/8473/23309/22876/221692/23060/7046/54328/2309/4780/6774/7048/5796/55604/9181/57142/3728/81/57531/64750/655/84612/8817/2201/80005/5793/93649/5581/6667/6868/2316/9530/80312/30837/11057/56034/1460/8613/2113/10395/91584/79595/3717/65125/153769/7060/55435/857/306/10370/90627/10769/29085/1398/2651/2146/79647/10253/56999/182/5911/2260/6422/104/89795/653/5594/90/1009/9564/22800/9037/9693/57556/2534/81029/54437/5587/80310/8503/3554/8829/3315/54986/8543/7422/57118/4163/9922/10396/5578/5362/79890/1012/949/23768/5295/2013/6387/7042/9423/2043/9353/3910/90102/3912/284/147372","Migration"
"GO:0040017","positive regulation of locomotion",208,-0.47511329283479,-1.9105224971516,4.03046182529488e-08,6.42298874769909e-06,5.6214335984376e-06,1330,"tags=36%, list=20%, signal=29%","55737/23075/6648/7082/102/57698/5604/23060/7046/4780/6774/7048/55604/9181/57142/81/64750/655/8817/80005/5581/6667/6868/2316/9530/56034/8613/2113/3717/65125/153769/7060/857/306/10769/29085/1398/2651/2146/79647/10253/5911/2260/5594/90/9564/22800/9037/9693/57556/81029/54437/5587/80310/8503/3554/8829/3315/7422/57118/9922/10396/5578/1012/949/5295/6387/7042/9423/2043/9353/3912/284/147372","Migration"
"GO:2000147","positive regulation of cell motility",204,-0.475200621640257,-1.90719768749516,5.75782920692884e-08,8.51836742102535e-06,7.45532005509773e-06,1192,"tags=33%, list=18%, signal=28%","57698/5604/23060/7046/4780/6774/7048/55604/9181/57142/81/64750/655/8817/80005/5581/6667/6868/2316/9530/56034/8613/2113/3717/65125/153769/7060/857/306/10769/29085/1398/2651/2146/79647/10253/5911/2260/5594/90/9564/22800/9037/9693/57556/81029/54437/5587/80310/8503/3554/8829/3315/7422/57118/9922/10396/5578/1012/949/5295/6387/7042/9423/2043/3912/284/147372","Migration"
"GO:0040012","regulation of locomotion",380,-0.413765537575553,-1.73494312008082,6.7715978096318e-08,9.71216415846441e-06,8.5001372505115e-06,1464,"tags=34%, list=22%, signal=29%","10979/998/9748/8976/8874/6093/1950/657/3066/27342/2768/134/55737/23075/3908/6648/7082/285/102/4000/57698/5604/8473/23309/22876/221692/23060/7046/54328/2309/4780/6774/7048/5796/55604/9181/57142/3728/81/57531/64750/655/84612/8817/2201/80005/5793/93649/5581/6667/6868/2316/9530/80312/30837/11057/56034/1460/8613/2113/10395/91584/79595/3717/65125/153769/6092/7060/55435/857/306/10370/90627/10769/29085/1398/2651/2146/79647/10253/56999/182/5911/2260/6422/104/89795/653/5594/90/1009/9564/22800/9037/9693/57556/2534/81029/1948/54437/5587/80310/8503/3554/8829/3315/54986/8543/7422/57118/4163/9922/10396/5578/5362/79890/1012/949/23768/5295/2013/6387/7042/9423/2043/9353/3910/90102/3912/284/147372","Migration"
"GO:0040011","locomotion",419,-0.405622380747735,-1.7083362643093,8.77707871366057e-08,1.22563724371521e-05,1.07268417429273e-05,1464,"tags=33%, list=22%, signal=28%","10979/998/9748/8976/8874/6093/1950/657/3066/27342/2768/134/55737/23075/3908/6648/4363/7082/285/102/4000/1432/57698/5604/8473/23309/22876/123920/221692/23060/7046/54328/2309/4780/6774/7048/5796/55604/9181/57142/3728/81/57531/64750/655/84612/8817/2201/80005/5793/93649/5581/6667/6868/2316/9530/80312/30837/11057/56034/1460/8613/5339/2113/10395/91584/79595/3717/1525/65125/153769/6092/7060/55435/857/306/10370/90627/10769/29085/1398/2651/2146/79647/10253/56999/182/5911/2260/6422/6586/104/89795/653/55742/5594/90/1009/9564/22800/9037/9693/57556/2534/81029/1948/54437/5587/80310/8503/7412/3554/8829/3315/54986/8543/1946/7422/57118/4163/9922/10396/5578/5362/79890/1012/949/23768/5295/2013/6387/7042/9423/2043/9353/3910/90102/3912/284/147372","Migration"
"GO:0007166","cell surface receptor signaling pathway",995,-0.342286481409582,-1.4777020650454,1.08743545388813e-07,1.45084120905958e-05,1.26978387149238e-05,1467,"tags=29%, list=22%, signal=27%","23240/10979/998/2737/23294/5563/1387/667/55294/5829/2530/8874/84100/1950/657/9978/4041/3066/84159/27342/9306/79971/83737/5289/1997/5621/134/5602/55737/5518/166/57178/3908/6738/57560/9185/858/285/51304/6400/102/10251/23390/91147/4000/3516/5495/92140/51330/1432/2729/84168/26035/8848/57545/6721/57698/6272/5604/8473/55733/123920/3624/55768/57154/1499/51496/2064/7046/23266/26524/65979/8996/2309/6310/6774/10771/7048/219771/5796/6498/9788/6659/1612/9181/57142/51567/3728/81/4756/25805/89853/6046/54764/55212/23316/64750/8904/115701/655/83891/9686/8817/27246/30001/2201/11171/3481/55182/28996/57045/23515/3667/80349/5519/4052/10116/23394/7204/26065/4879/5562/23592/10758/80213/5793/2776/93649/9542/8451/166336/5581/220164/7334/6868/2316/51232/283383/55534/7321/151556/80312/30837/25976/26146/9759/57727/121665/56034/1460/6775/8613/1123/4093/7091/57057/9794/1400/6760/64762/1760/91584/5599/27122/79595/83439/81792/8239/8325/1654/2308/405/3717/4170/7430/59343/140885/65125/4684/6092/23235/111/857/10370/29085/55366/4300/1398/2651/1288/22856/79577/10253/182/9994/2260/6422/9620/26999/6586/255743/653/5792/5594/63976/90/9564/7294/83605/960/9037/9693/57556/2534/9455/2736/81029/57211/9855/6198/1948/57181/2131/4919/3707/54437/5587/5218/2743/2887/80310/8503/406/3554/8829/9846/8470/222663/3315/4774/9464/1946/7422/7357/2894/144165/23352/5789/26037/4163/9315/5578/5362/1600/57732/1012/10098/8682/27185/11141/4643/2898/79602/949/5144/27303/6095/4627/23768/1896/5295/2070/2013/1272/9378/6387/55504/7042/23284/64332/2562/10252/54756/2043/9353/5140/147495/3912/284/147372/238/285220/2042","Signaling"
"GO:0099537","trans-synaptic signaling",248,-0.45343563439959,-1.84667204683669,1.16755304312323e-07,1.52232995645409e-05,1.33235119992771e-05,1111,"tags=34%, list=17%, signal=29%","9474/5621/134/783/55737/9912/3908/51304/23390/1499/6196/22839/22883/6310/6774/6792/57142/4756/23316/6507/57616/6812/5577/23394/805/7204/3786/84961/5581/9990/2560/774/2908/26059/1760/29/6509/3360/3717/2550/4131/22987/80331/5908/10769/2146/2257/104/5594/1009/27445/9693/2534/9455/6198/2131/1740/6780/2743/54407/1006/2894/147381/1129/57451/5789/143425/26037/64084/10052/8224/27185/11141/2898/2982/6616/2564/9378/2562/22986/1131/2043/8499/9229","Signaling"
"GO:0141124","intracellular signaling cassette",795,-0.35355186365838,-1.52023061842939,1.40669188284449e-07,1.75438941997366e-05,1.53545086525588e-05,1410,"tags=30%, list=21%, signal=27%","8874/6093/5910/1950/657/4217/9978/27342/3708/79971/83737/2768/5289/5621/134/663/79933/51306/5602/5518/23075/9912/57178/57560/858/3094/10251/23390/5495/92140/26053/1432/26035/22898/57698/23348/5604/8473/54602/22876/83931/5867/2909/3624/1499/2064/7046/65979/7534/8996/11163/4780/6774/10771/25827/6792/7048/11214/9181/57142/10987/81/6262/57531/8904/655/192669/26269/8817/7126/5577/8301/3481/28996/57045/3667/26230/23394/23370/805/7204/4879/5562/25959/10758/80005/395/57636/775/5581/23252/7334/6868/2316/9530/57706/23118/9472/56981/121665/56034/1460/84280/1123/57568/4093/56888/4205/57057/64762/10395/1760/23011/29/5599/27032/22808/4215/1654/6009/2308/3717/7430/23362/140885/65125/153769/2977/11261/9828/392/8654/2597/81606/3476/9175/5908/481/205428/677/857/57551/90627/2782/768211/10769/4077/1398/2651/2146/10253/5911/2260/2257/9620/10318/160851/114897/3301/255743/653/23221/5594/90/5137/83605/22800/960/9037/64853/9693/57556/2534/9455/11329/9855/6198/83892/444/79778/389840/57158/92235/4919/3707/3709/23286/5587/2887/80310/8503/56704/1390/3554/8829/9846/9411/5596/3315/54986/9464/1052/1946/7422/84952/23352/26037/9922/5578/1600/1012/83478/4293/8682/2898/949/5144/7052/2982/6095/1896/5295/9378/55504/7042/9423/83988/1131/10252/57514/2043/9353/5140/57480/2259/284/11069/10846","Signaling"
"GO:0098916","anterograde trans-synaptic signaling",244,-0.447738244696982,-1.82203095417131,1.48581614242498e-07,1.77585983522753e-05,1.55424188582613e-05,1363,"tags=34%, list=20%, signal=28%","9474/5621/134/783/55737/9912/3908/51304/23390/1499/6196/22839/22883/6310/6774/6792/57142/4756/23316/6507/57616/6812/5577/23394/805/7204/3786/84961/5581/9990/2560/774/2908/26059/1760/29/6509/3360/3717/2550/4131/22987/80331/5908/10769/2146/2257/104/5594/1009/27445/9693/2534/9455/6198/2131/1740/6780/2743/54407/1006/2894/147381/1129/5789/143425/26037/64084/10052/8224/27185/2898/2982/6616/2564/9378/2562/22986/1131/2043/8499/9229","Signaling"
"GO:0030335","positive regulation of cell migration",199,-0.475700075748289,-1.90420719077671,1.98477598886824e-07,2.23267840159551e-05,1.95405190235326e-05,1192,"tags=33%, list=18%, signal=28%","57698/5604/23060/7046/4780/6774/7048/55604/9181/57142/81/64750/655/8817/80005/5581/6667/6868/2316/9530/56034/8613/2113/3717/65125/153769/7060/857/306/10769/1398/2651/2146/79647/10253/5911/2260/5594/90/9564/22800/9037/9693/57556/81029/54437/5587/80310/8503/3554/8829/3315/7422/57118/9922/10396/5578/1012/949/5295/6387/7042/2043/3912/284/147372","Migration"
"GO:0099536","synaptic signaling",260,-0.444338695210768,-1.81681535354748,2.42628362363587e-07,2.67684406707672e-05,2.3427880333488e-05,1386,"tags=34%, list=21%, signal=28%","3708/7402/9474/5621/134/783/55737/9912/3908/51304/23390/1499/6196/22839/22883/6310/6774/6792/57142/4756/23316/6507/57616/6812/5577/23394/805/7204/3786/84961/2776/5581/9990/2560/774/2908/26059/56888/1760/29/6509/3360/3717/2550/4131/22987/80331/5908/2782/10769/2146/2257/104/5594/1009/27445/9693/2534/9455/6198/2131/1740/6780/2743/54407/1006/2894/147381/1129/57451/5789/143425/26037/64084/10052/8224/27185/11141/2898/2982/6616/2564/9378/2562/22986/1131/2043/8499/9229","Signaling"
"GO:0007167","enzyme-linked receptor protein signaling pathway",425,-0.39552425595144,-1.66725738950052,4.40887367841941e-07,4.77239779114946e-05,4.17682769534471e-05,1464,"tags=34%, list=22%, signal=28%","10979/23294/1387/55294/5829/2530/8874/1950/657/9978/3066/84159/27342/57178/57560/9185/858/285/10251/23390/3516/1432/84168/26035/8848/6272/5604/8473/3624/55768/57154/1499/51496/2064/7046/26524/6310/6774/7048/5796/6498/9788/57142/4756/25805/89853/64750/655/83891/8817/27246/30001/2201/11171/3481/28996/57045/3667/4052/7204/4879/5562/23592/5793/93649/9542/220164/6868/51232/7321/151556/80312/30837/25976/57727/56034/1460/1123/4093/57057/6760/64762/27122/79595/81792/8239/2308/405/3717/23235/857/10370/1398/2651/1288/10253/2260/6422/26999/255743/653/5792/5594/63976/90/9564/9693/57556/2534/6198/1948/2131/4919/5587/2887/80310/8503/3554/8829/9846/222663/3315/4774/1946/7422/144165/5789/26037/9315/57732/1012/4643/23768/5295/9378/7042/10252/54756/2043/5140/284/147372/238/285220/2042","Signaling"
"GO:1902531","regulation of intracellular signal transduction",831,-0.340939192142306,-1.4669569035363,4.65708848259456e-07,4.94772530086018e-05,4.33027525574582e-05,1411,"tags=29%, list=21%, signal=26%","152926/6093/5910/1950/657/4217/9978/3066/1859/27342/3708/259230/79971/83737/2768/348654/5621/134/663/79933/51306/138151/5518/23075/9912/6648/80143/858/23788/51304/57787/3094/10251/25921/23390/5495/92140/26053/1432/197131/26035/22898/23348/83787/5604/8473/6872/54602/83931/2909/3624/1499/2064/7046/26524/171023/7534/8996/4780/6774/10771/25827/6792/7048/6498/6659/11214/9181/57142/25843/10987/81/51322/9891/8904/655/90864/192669/26269/9686/23387/8817/7126/5577/8301/3481/28996/57045/3667/10116/26230/23370/805/7204/5562/29970/25959/10758/395/8451/57636/64083/5581/23252/7334/2316/9530/9612/57706/7321/151556/23118/79726/9472/56981/121665/56034/1460/84280/8613/1123/57568/3840/57057/54583/64762/10395/29/5599/27032/8239/4215/1654/6009/2308/3717/4170/7430/23362/140885/65125/153769/2977/11261/7181/9828/392/8654/2597/81606/3476/5908/205428/1407/857/10370/57551/90627/768211/10769/4077/1398/2651/8493/8085/2146/51141/10253/5911/2260/6422/3428/10318/114897/3301/255743/653/5594/90/5137/960/9037/64853/9693/57556/2534/9455/11329/6198/56950/83892/92235/4919/3707/9745/10625/23286/5587/80310/406/9063/3554/8829/9411/3315/54986/9464/1946/7422/84952/4330/26037/9922/23081/5578/1012/83478/2898/949/5144/7052/2982/6095/1896/5295/9378/6387/55504/7042/389432/10252/2023/57514/2043/9353/5140/57480/284/10846","Signaling"
"GO:0007507","heart development",320,-0.417126068458479,-1.73174495276047,5.66787165226729e-07,5.91210539437408e-05,5.17430579546698e-05,1251,"tags=33%, list=19%, signal=28%","88/4000/3516/7273/1432/9124/57545/84700/5978/161882/5604/9645/341640/3624/1499/2064/7046/91807/171023/6196/157378/7048/6659/11214/57142/7403/6262/6926/55212/115701/655/9686/10664/4879/54880/10758/93649/4211/5915/775/23118/26146/9472/5339/27295/4205/64091/57057/54583/9794/10395/91584/8814/10087/1525/59343/1289/65125/6092/11155/10611/4892/205428/677/10370/56999/182/2260/2257/6586/653/55742/5594/10848/90/1009/83605/2736/57211/56950/1948/2131/57158/7134/4625/7135/10021/5125/7412/8829/8470/9464/8543/7422/144165/113622/1301/10052/5318/23768/2013/7042/10252/9353/26011/8701","Development"
"GO:2000026","regulation of multicellular organismal development",505,-0.377130060776378,-1.60183735958903,7.05340546105911e-07,7.09919072457827e-05,6.21324913190249e-05,1745,"tags=36%, list=26%, signal=29%","58190/7994/1284/8202/5797/6910/51552/56983/55198/25/6660/9334/2137/4088/202018/51265/57630/51441/23476/5590/2734/6772/25937/26013/387/93973/1500/55787/4739/55603/6461/8850/23240/2737/5108/55294/6601/865/55689/6093/1950/657/3066/57178/3908/56288/8289/7082/285/102/3516/92140/51330/1432/8848/5978/161882/57698/5604/3099/1002/3624/57154/1499/2064/7046/29102/4017/2309/22883/6310/4780/6774/6431/6792/7048/6498/6659/57142/3728/90139/6046/6926/23522/9896/23316/1523/655/64769/9686/8817/2201/28996/80349/26230/23394/4879/54880/347731/4211/8451/5915/80059/7716/6667/55012/9472/3949/2113/57057/54583/23011/81792/6009/405/65125/6092/4212/5315/7060/4131/9175/677/857/306/90627/10769/4077/79577/2146/10253/56999/182/2260/6422/63976/90/83605/9037/9693/57556/2534/2736/55795/57211/3707/5587/406/2824/8829/130733/3315/1946/5230/7422/147381/5789/302/28959/64084/5578/1600/53335/27185/11141/7052/23768/5295/23670/2013/10766/9378/6387/7042/64332/9423/10252/56172/2043/9353/3910/5140/26011/147372","Development"
"GO:0051094","positive regulation of developmental process",508,-0.372598611074948,-1.58302039714632,1.19067540687645e-06,0.000117774220849141,0.000103076618707816,1430,"tags=30%, list=21%, signal=26%","6601/865/6197/8874/1950/657/4217/4041/3066/663/55737/57178/3908/6648/23788/8289/7082/285/3516/92140/51330/1432/5978/57698/5604/51010/8473/3099/1002/3624/57154/1499/7046/91807/4017/2309/22883/6310/4780/6774/6792/7048/6498/6659/9181/124936/57142/3728/25805/6046/23316/64750/8904/1523/655/8817/2201/3481/28996/26230/23394/5562/23327/93649/347731/80059/7716/6667/55012/80312/84298/9472/51111/2113/57057/9794/6760/23011/80821/79595/6009/405/3717/7430/65125/6092/5315/4131/81606/9175/677/306/10370/55366/2651/2146/79647/56999/10765/182/2260/6422/115825/255743/653/10848/90/9037/9693/2736/81029/55795/1948/57699/3707/1040/5587/406/2824/8829/222663/3315/1052/1946/7422/147381/5789/51761/64084/5578/6457/1600/53335/27185/11141/339479/7052/23768/664/2013/9378/6387/7042/64332/9423/23242/10252/2043/9353/3912/26011/147372/238","Development"
"GO:0001764","neuron migration",86,-0.55563244098151,-2.0190530438225,1.61737688445538e-06,0.000154648186435342,0.00013534890769916,1232,"tags=43%, list=19%, signal=36%","26053/57698/221692/1499/23060/54328/6774/6792/3320/9181/4756/27145/6868/2316/30837/79932/57057/8239/4131/1398/2260/9620/9693/57556/2534/8829/54986/7422/1600/27185/23768/4147/6387/23284/9423/6695/89796","Migration"
"GO:0099177","regulation of trans-synaptic signaling",169,-0.460076538757945,-1.81595746818271,5.15505914149399e-06,0.000432935258826323,0.000378907219911665,1363,"tags=34%, list=20%, signal=28%","9474/5621/134/55737/9912/3908/51304/23390/22839/22883/6774/6792/57142/4756/23316/6507/57616/6812/5577/23394/805/7204/3786/84961/5581/774/1760/29/3717/2550/4131/22987/5908/10769/5594/1009/9693/2534/9455/6198/6780/54407/2894/147381/1129/5789/26037/64084/8224/27185/2898/2982/6616/9378/22986/2043/8499/9229","Signaling"
"GO:0007417","central nervous system development",398,-0.384058963823262,-1.61394581453868,5.7330935191926e-06,0.000463250105909971,0.000405438933825778,1462,"tags=30%, list=22%, signal=25%","998/2737/2186/5108/6197/84100/1950/657/4041/3066/79971/4781/81853/57178/57560/3516/57721/57688/5604/6872/2909/3624/221692/1499/2064/5090/686/79925/2309/6310/6774/7048/6659/57142/6926/55212/655/3251/57045/5087/2934/805/27145/9919/4211/5915/6455/3212/2316/22882/9612/2560/30837/3939/56034/3949/8613/2908/57057/10395/91584/6009/6092/4212/7360/5101/23030/10370/57551/1398/55122/2146/2260/6422/9620/5274/104/653/5594/10100/1009/9037/9693/2534/2736/57211/10313/2131/4862/4919/140733/54407/145173/357/2824/8829/8543/5578/6457/5362/1600/27185/339479/6095/664/57477/1272/9378/6387/2562/2043/9353/53942/3912/26011/6695/238/161357","Development"
"GO:0051962","positive regulation of nervous system development",112,-0.511619341747593,-1.92301874210032,8.29035840036797e-06,0.000634157148572148,0.000555017678172003,1237,"tags=36%, list=19%, signal=30%","51330/57698/5604/1002/57154/1499/22883/6310/6792/6498/23316/1523/26230/23394/347731/80059/23011/6009/6092/4131/9175/9037/8829/1946/7422/147381/5789/64084/5578/53335/27185/11141/7052/23768/9378/6387/9423/2043/9353/26011","Development"
"GO:1901342","regulation of vasculature development",105,-0.520604664828916,-1.94410896277482,8.41805048287676e-06,0.000635452047635052,0.000556150980655431,1282,"tags=46%, list=19%, signal=38%","7082/285/102/92140/51330/3099/1499/2064/7046/4780/6774/7048/57142/3728/90139/8817/28996/4879/6667/2113/54583/65125/5315/7060/306/90627/10769/10253/56999/6422/83605/9037/57556/2534/57211/5587/8829/3315/5230/7422/5578/7052/23670/2013/6387/7042/5140/147372","Development"
"GO:0043534","blood vessel endothelial cell migration",58,-0.604849508519313,-2.06677016769295,1.02627978754568e-05,0.000745286979892352,0.000652279092150954,1098,"tags=40%, list=16%, signal=33%","4780/3728/8817/6667/6868/1460/2113/90627/10769/2260/30844/1948/5587/8503/8829/3315/7422/5578/949/4627/2013/9353/284","Migration"
"GO:0045595","regulation of cell differentiation",606,-0.352037204869043,-1.50377479362999,1.27016547103452e-05,0.000899622136706796,0.00078735403467637,1628,"tags=33%, list=24%, signal=27%","4088/5894/51265/57630/4904/57534/51441/27031/23476/5590/7532/2734/201501/6772/25937/26013/387/4739/348093/55603/6461/23240/10979/2737/5108/55294/6601/865/6197/6093/657/4217/4041/3066/83737/663/5518/57178/3908/6648/23788/8289/3516/57721/51330/5787/1432/8848/5978/161882/57698/6272/5604/1002/3624/57154/1499/2064/7046/91807/29102/171023/4017/2309/6310/4780/6774/6431/6792/7048/6498/6659/54517/9181/124936/57142/25805/6046/6926/23522/23316/8904/1523/655/90864/64769/9991/8817/2201/3481/57045/5087/80349/26230/23394/7204/93649/4211/8451/5915/57459/7716/284273/22882/51232/55012/9759/9472/3949/2113/57057/9794/3992/6760/1760/23011/81792/6009/2308/405/3717/1289/6092/4212/4131/81606/9175/677/857/4077/55122/2651/79577/2146/79647/10253/56999/182/2260/6422/115825/55818/255743/653/5594/63976/10848/90/9037/9693/2736/81029/54815/55795/1948/3707/1040/9745/5587/406/8829/222663/130733/9464/1052/1946/7422/144165/5789/302/28959/9315/23081/5578/6457/1600/53335/27185/11141/5318/339479/7052/6095/5295/2013/10766/6387/7042/64332/9423/10252/54756/2043/9353/1290/3912/26011/238/2042","Development"
"GO:0008347","glial cell migration",27,-0.721747567291262,-2.12902982874429,1.3829068130596e-05,0.000967528827624748,0.000846786328407483,385,"tags=56%, list=6%, signal=53%","57178/5787/1499/57142/30837/22800/2534/1600/27185/4147/7042/9423/2043/147495/3912","Migration"
"GO:0048762","mesenchymal cell differentiation",109,-0.506804796654083,-1.89885315536052,1.57373017802984e-05,0.00108776988329605,0.000952021933950836,1810,"tags=50%, list=27%, signal=37%","4139/23332/84148/55625/6910/4088/202018/1000/6772/25937/10979/998/6093/657/9978/3066/3516/1499/7046/65979/4017/7048/57142/23272/25805/6926/655/90864/57057/4684/10370/2651/2146/10253/182/2260/6422/653/5594/90/9037/57556/57181/2131/54437/8829/9464/7422/2013/7042/10252/54756/2043/2042","Development"
"GO:0043542","endothelial cell migration",94,-0.527195043540032,-1.93789066175853,1.62098249085242e-05,0.00109504865553687,0.000958392353772072,1136,"tags=34%, list=17%, signal=29%","7046/4017/4780/3728/8817/6667/6868/1460/8613/2113/306/90627/10769/56999/2260/30844/9564/9037/1948/5587/8503/8829/3315/7422/5578/1012/949/4627/2013/9353/284/147372","Migration"
"GO:0007169","cell surface receptor protein tyrosine kinase signaling pathway",273,-0.408202413772148,-1.67452165342546,1.6224356932305e-05,0.00109504865553687,0.000958392353772072,1436,"tags=33%, list=22%, signal=27%","23294/55294/5829/8874/1950/9978/84159/27342/57560/9185/858/285/10251/23390/3516/1432/84168/6272/5604/8473/1499/2064/6310/6774/9788/57142/89853/8817/27246/3481/3667/5562/5793/93649/9542/220164/6868/51232/30837/25976/57727/56034/1123/6760/64762/81792/2308/405/3717/23235/1398/1288/10253/2260/26999/653/5594/9564/9693/57556/2534/6198/1948/2131/4919/5587/2887/80310/8503/3554/8829/9846/3315/1946/7422/144165/26037/57732/1012/4643/23768/5295/9378/10252/2043/5140/284/147372/238/285220/2042","Signaling"
"GO:0021953","central nervous system neuron differentiation",86,-0.528625785601571,-1.92091645976703,1.77679800466678e-05,0.00118528955264806,0.00103737166245539,1689,"tags=47%, list=25%, signal=35%","6683/9334/1399/4983/57534/55681/2737/657/4781/57178/57688/5604/2909/3624/1499/3251/22882/2560/57057/91584/6092/57551/1398/6422/104/1009/9693/2736/8829/8543/5578/1600/27185/339479/6095/9378/2043/9353/6695/161357","Development"
"GO:0009888","tissue development",725,-0.339575946422631,-1.4571089380683,1.83995683519394e-05,0.001213314064771,0.00106189886314278,1259,"tags=27%, list=19%, signal=24%","7111/88/26504/4000/3516/7273/1432/57545/84700/5978/161882/5604/9645/341640/2909/3624/57154/1499/7046/57835/26524/91807/171023/65979/4017/6431/55727/7048/9200/6498/9788/6659/54517/11214/57142/23272/11078/25805/6046/6262/6926/55212/115701/655/90864/9686/8817/2778/30001/2201/3481/55182/10664/57045/5087/10116/4324/4879/5562/54880/25959/384/93649/4211/5915/7716/3212/6868/2316/57110/25976/26146/9472/5818/2071/1460/23022/2908/5339/9955/4205/64091/57057/54583/9794/10395/91584/27032/81792/6009/3717/1525/7430/1289/4684/6092/4131/10611/4892/81606/5908/205428/677/857/10370/90627/55366/4077/2651/22856/79577/2146/56913/79647/10253/56999/10765/182/2260/6422/9620/255743/104/653/5594/10848/23254/90/83605/960/9037/9693/57556/55083/2736/81029/1266/57211/1948/57181/2131/57158/7134/4625/54437/7135/10021/5930/80310/406/2824/8829/8470/4774/9464/8543/5230/7422/7357/144165/25902/113622/1301/5362/10052/83478/4643/5318/58/5144/7052/4627/1896/2013/55504/7042/64332/9423/23242/10252/56172/54756/2317/2043/64478/9353/231/1290/147495/90102/3912/26011/2042","Development"
"GO:0010976","positive regulation of neuron projection development",82,-0.536571554528953,-1.93517743398474,1.93162123629484e-05,0.0012193911941591,0.00106721759880717,1147,"tags=35%, list=17%, signal=30%","2909/4780/950/9896/23316/655/55754/23394/10677/2146/2260/55714/5274/653/9693/2534/91752/5587/57118/5789/51761/53335/27185/11141/1272/23242/57554/238/2042","Development"
"GO:0007186","G protein-coupled receptor signaling pathway",191,-0.431308274787804,-1.71991703857969,1.93419206324696e-05,0.0012193911941591,0.00106721759880717,1462,"tags=39%, list=22%, signal=31%","998/5733/92255/6093/5910/55188/3708/83737/2768/134/55737/56288/858/51304/88/6272/23266/54328/11214/23683/2778/5577/805/4879/2776/5998/2316/283383/9472/3360/8325/3717/7430/2845/65125/2550/2863/1407/111/857/2782/55366/9620/6586/776/55970/160851/5594/9564/9693/2534/9455/57211/5587/2743/10267/54986/114815/7422/2894/1129/5578/5144/7052/9378/6387/23284/22986/1131/9353/5140/11069/238/10846","Signaling"
"GO:0060485","mesenchyme development",134,-0.469407796301411,-1.80512182569326,2.18746184279757e-05,0.00136407267305757,0.00119384359154971,1810,"tags=45%, list=27%, signal=33%","4139/23332/84148/55625/6910/56983/4088/202018/1000/6772/25937/10979/998/6093/657/9978/3066/3516/1499/7046/65979/4017/7048/6659/57142/23272/25805/6926/655/90864/57057/4684/6092/677/10370/2651/2146/10253/182/2260/6422/653/5594/90/9037/57556/57181/2131/54437/8829/9464/7422/144165/58/2013/7042/10252/54756/2043/2042","Development"
"GO:0016358","dendrite development",118,-0.480667181960896,-1.81856019129836,3.5537490302543e-05,0.00208039369250703,0.0018207715224826,1145,"tags=31%, list=17%, signal=26%","221692/221935/6792/23316/1523/655/3251/8301/23327/84298/57520/4205/23011/4131/10611/1398/2146/5911/653/9693/2534/8829/144165/57118/5789/26037/9922/1600/53335/27185/11141/4147/23242/2043/8499/238","Development"
"GO:0010594","regulation of endothelial cell migration",73,-0.542313278289581,-1.92413845228428,5.72126939228135e-05,0.00321793357877629,0.00281635242530259,801,"tags=30%, list=12%, signal=27%","6667/6868/1460/8613/2113/306/90627/10769/56999/2260/9564/9037/5587/8829/3315/7422/5578/949/2013/9353/284/147372","Migration"
"GO:0007188","adenylate cyclase-modulating G protein-coupled receptor signaling pathway",52,-0.573787847003915,-1.9253512672354,6.04492981326767e-05,0.00336696721735113,0.00294678745112793,938,"tags=44%, list=14%, signal=38%","2778/5577/2776/2316/283383/9472/3360/2550/111/2782/776/9693/57211/10267/1129/5578/5144/6387/23284/1131/5140/11069/10846","Signaling"
"GO:0023056","positive regulation of signaling",705,-0.331430846693037,-1.42110048590514,7.55186584270257e-05,0.0038683084231772,0.00338556391632437,1408,"tags=28%, list=21%, signal=25%","6093/1950/657/4217/9978/3066/3708/79971/348654/5621/134/663/79933/138151/2182/55737/5518/57178/3908/858/23788/5019/51304/57787/102/3094/25921/23390/3516/5495/92140/51330/26053/84168/26035/8848/5604/8473/6872/54602/22876/123920/3624/55768/1499/2064/7046/26524/171023/22883/6774/6792/7048/6498/6659/11214/57142/3728/81/4756/25805/51322/54764/23316/6507/57616/64750/8904/655/192669/23387/8817/6812/27246/8301/3481/55182/28996/57045/3667/5519/23394/805/26065/5562/29970/10758/80213/93649/395/64083/5581/7334/6667/6868/2316/9530/151556/23118/79726/9472/121665/56034/1460/84280/774/8613/3840/57057/64762/5599/27032/8239/4215/1654/6009/405/3717/4170/65125/153769/2977/6092/2550/7181/2597/5908/857/10370/57551/768211/10769/29085/55366/4300/1398/2651/8085/22856/79577/2146/10253/182/2260/6422/26999/114897/255743/653/5594/90/7294/960/9037/9693/2534/81029/6198/57181/6780/4919/3707/23286/5587/2887/80310/406/3554/8829/222663/9464/1946/7422/4330/302/64084/5578/1012/10098/8682/27185/2898/949/7052/2982/6616/1896/5295/2013/9378/55504/7042/51762/22986/1131/2043/3912/284/11069/147372","Signaling"
"GO:0051093","negative regulation of developmental process",357,-0.369481797977496,-1.54408736712935,8.96171079888231e-05,0.00452972482997112,0.0039644390409369,1819,"tags=39%, list=27%, signal=30%","30000/4139/7528/84148/55692/6993/3690/58190/1284/5797/6910/55198/9860/2137/4088/51265/4904/57534/51441/27031/6772/25937/1500/348093/6461/23240/10979/2737/5108/55294/865/6093/657/4041/3066/4781/6648/285/10251/3516/57721/5787/8848/5978/161882/6272/8473/22876/3624/1499/2064/7046/171023/4017/2309/4780/6774/6431/6498/6659/57142/4756/25805/6926/115701/655/90864/9686/2778/3481/57045/5087/80349/7204/4879/54880/93649/4211/8451/5915/284273/22882/51232/80312/9759/3949/6760/79595/81792/2308/1289/6092/51460/4212/7060/81606/677/857/90627/10769/4077/79577/2146/79647/10253/56999/182/6422/653/5594/63976/9037/9693/57556/2534/55795/3707/9745/23286/406/8829/130733/9464/5230/7422/144165/28959/1600/53335/5318/6095/5295/664/10766/7042/9423/10252/54756/2043/5140/1290","Development"
"GO:0007423","sensory organ development",212,-0.411898118080061,-1.65854994922494,9.18424926968152e-05,0.00454224466035887,0.0039753964624665,1409,"tags=39%, list=21%, signal=31%","84100/4041/3066/10265/9474/4781/102/7111/3516/57545/5978/10210/341640/2909/3624/1499/7046/57835/5090/65979/221935/6774/7048/6498/6659/11078/6670/3985/6926/55212/655/2201/28996/57045/5087/283310/4211/5915/775/22882/57110/26146/5818/1289/4212/10370/2782/51141/10253/56999/10765/182/2260/55714/131544/653/5594/10848/55084/83605/26018/81029/4919/145173/357/8829/4774/9464/1052/7422/144165/51761/1301/25945/2070/7042/54549/2562/9423/10252/2043/1290","Development"
"GO:0050900","leukocyte migration",95,-0.495769163896237,-1.82380958598762,0.00010684922734572,0.00514395058963651,0.00450201266250767,811,"tags=42%, list=12%, signal=38%","25/84675/1399/5795/387/4739/998/8976/6093/27342/134/23075/102/57142/64083/6868/5339/119/1525/140885/65125/7060/1398/79647/653/5594/2534/2131/80310/7412/3554/7422/57118/79890/4627/5295/2013/6387/7042/9353","Migration"
"GO:0048588","developmental cell growth",104,-0.481550825882969,-1.79576026328342,0.000110533545744801,0.00519779468801576,0.00454913730114496,1237,"tags=39%, list=19%, signal=33%","51330/26053/57698/1002/57154/1499/6792/7048/57142/8904/23394/23327/4211/84298/9472/23011/91584/8239/4131/10611/10425/9175/65059/8085/26999/6586/9037/2131/57699/54437/8829/8470/1946/7422/144165/53335/27185/6387/9423/23242/9353","Development"
"GO:0008219","cell death",753,-0.323110588226921,-1.38752258750306,0.00011399139886519,0.00531681833568775,0.00465330742479208,1461,"tags=28%, list=22%, signal=25%","9748/2737/5563/894/5733/55294/10181/6197/152926/8874/6093/65267/4217/9978/4041/3066/3708/259230/83737/9474/5621/57099/134/663/138151/55737/5518/166/64344/57560/6648/23788/5325/7082/51304/57787/3094/25921/23390/79811/88/4000/92140/51330/1432/2729/8848/5978/6272/83787/5604/8473/3099/83931/10210/84899/3624/1499/2064/7046/26524/7534/8996/6196/2309/4780/10771/6431/7072/3320/1917/7048/6498/6659/1612/9181/57142/10987/81/260425/6262/6926/5757/115701/655/64769/7126/6812/30001/10432/28996/2934/5519/10116/23394/5562/65264/25959/3786/10758/384/93649/8451/5915/1982/64083/5581/6667/6868/2316/9530/2071/5527/56981/2908/2113/4205/57057/54583/10395/1760/23421/5599/10081/10533/57018/1654/2308/3717/4170/665/153769/6092/6418/51065/5315/8870/2597/56984/80331/205428/677/857/10370/57551/2632/10769/54476/79577/10253/9994/2260/6422/26999/3428/6586/3301/104/653/23097/5594/10848/90/9564/960/9037/83636/9693/57556/2534/10313/6198/26355/57181/3707/10625/5587/8503/23705/5163/8829/3315/9464/7422/8125/144165/5521/57118/8539/302/5578/23429/30011/4293/8682/2898/7052/5295/2070/664/2013/112399/6387/55504/7042/64332/9423/2023/2043/9353/231/284/238","Cell death"
"GO:0012501","programmed cell death",750,-0.322055115167914,-1.38284560025737,0.000119715008427125,0.00549444002677132,0.00480876286482009,1461,"tags=29%, list=22%, signal=25%","6461/4331/8850/9748/2737/5563/894/55294/10181/6197/152926/8874/6093/65267/4217/9978/4041/3066/3708/259230/83737/9474/5621/57099/134/663/138151/55737/5518/166/64344/57560/6648/23788/5325/7082/51304/57787/3094/25921/23390/79811/88/4000/92140/51330/1432/2729/8848/5978/6272/83787/5604/8473/3099/83931/10210/84899/3624/1499/2064/7046/26524/7534/8996/6196/2309/4780/10771/6431/7072/3320/1917/7048/6498/6659/1612/9181/57142/10987/81/260425/6262/6926/5757/115701/655/64769/7126/6812/30001/10432/28996/2934/5519/10116/23394/5562/65264/25959/3786/10758/384/93649/8451/5915/64083/5581/6667/6868/2316/9530/2071/5527/56981/2908/2113/4205/57057/54583/10395/1760/23421/5599/10081/10533/57018/1654/2308/3717/4170/665/153769/6092/6418/51065/5315/8870/2597/56984/80331/205428/677/857/10370/57551/2632/10769/54476/79577/10253/9994/2260/6422/26999/3428/6586/3301/104/653/23097/5594/10848/90/9564/960/9037/83636/9693/57556/2534/10313/6198/26355/57181/3707/10625/5587/8503/23705/5163/8829/3315/9464/7422/8125/144165/5521/57118/8539/302/5578/23429/30011/4293/8682/2898/7052/5295/2070/664/2013/112399/6387/55504/7042/64332/9423/2023/2043/9353/231/284/238","Cell death"
"GO:0060560","developmental growth involved in morphogenesis",105,-0.486527325928879,-1.81685297669017,0.000121128495569027,0.0055151918974564,0.00482692501139731,1237,"tags=39%, list=19%, signal=32%","51330/26053/57698/1002/57154/1499/6792/7048/57142/8904/23394/23327/84298/23011/91584/8239/4131/9175/65059/10253/10765/6422/26999/6586/9037/55083/2131/57699/54437/8829/1946/7422/144165/113622/53335/27185/6387/9423/23242/10252/9353","Development"
"GO:0060429","epithelium development",416,-0.352447693882942,-1.48416815647144,0.000129186557161357,0.00579018186277115,0.00506759767812232,1203,"tags=27%, list=18%, signal=24%","57545/5978/5604/9645/341640/2909/3624/1499/57835/26524/171023/65979/6431/55727/7048/6498/9788/6659/57142/11078/6046/6262/6926/55212/655/2778/55182/5087/10116/25959/384/5915/7716/3212/6868/2316/57110/26146/2071/1460/23022/2908/5339/9955/57057/10395/91584/81792/6009/3717/7430/1289/6092/4131/81606/5908/677/857/10370/90627/55366/2146/56913/10253/10765/182/2260/6422/9620/255743/653/5594/23254/90/83605/960/9693/55083/2736/81029/1266/1948/2131/5930/406/8829/9464/8543/5230/7422/7357/144165/25902/5362/83478/4643/5144/7052/1896/55504/7042/64332/9423/23242/10252/2317/2043/64478/9353/231/147495/90102","Development"
"GO:0023057","negative regulation of signaling",617,-0.333563907739762,-1.42551628773982,0.000131632391440512,0.00580903868995552,0.00508410127264164,1622,"tags=32%, list=24%, signal=27%","5894/57630/1399/5795/51441/55681/64844/27031/55023/23476/754/5590/1000/7532/2734/83860/6772/25937/9628/387/1500/80824/348093/90007/23240/2737/5563/55294/9978/3066/1859/27342/3708/9306/83737/1997/5621/134/5518/166/9912/57560/6648/80143/858/10251/4000/5495/1432/2729/197131/5978/83787/5604/8473/6872/2909/3624/57154/1499/51496/7046/26524/171023/65979/7534/8996/2309/6310/4780/6774/10771/25827/6498/9181/25843/25805/64750/8904/115701/655/90864/83891/9686/7126/6812/27246/2201/5577/11171/28996/57045/3667/4052/23394/5562/23592/25959/10758/93649/5998/23252/7334/6868/9612/51232/7321/151556/80312/30837/23118/79726/26146/57727/3949/7091/57057/54583/10395/27122/79595/81792/1654/2308/3717/4170/7430/140885/65125/153769/11261/2550/8870/8654/55435/81606/3476/1407/857/10769/29085/55366/4300/2146/51141/10253/6422/3428/10318/6586/3301/653/63976/90/5137/960/64853/57556/2534/9455/81029/11329/6198/83892/92235/9745/10625/23286/2887/406/9063/8829/9411/3315/84952/144165/5789/4163/80223/1600/57732/83478/8682/2898/5144/27303/6095/2070/6387/7042/22986/10252/54756/2023/2043/9353/5140/147495/284/10846","Signaling"
"GO:0051960","regulation of nervous system development",176,-0.420447144282492,-1.66492590592989,0.000150787954457229,0.00636081246118473,0.00556701658483733,1197,"tags=28%, list=18%, signal=24%","5978/57698/5604/1002/57154/1499/22883/6310/6792/6498/57142/9896/23316/1523/655/26230/23394/347731/5915/80059/3949/23011/6009/6092/4131/9175/2146/9037/9693/406/8829/1946/7422/147381/5789/302/64084/5578/1600/53335/27185/11141/7052/23768/9378/6387/9423/2043/9353/26011","Development"
"GO:0003205","cardiac chamber development",99,-0.485005305448,-1.79517900680724,0.000169157114325963,0.00678639416005628,0.00593948793032641,1244,"tags=35%, list=19%, signal=29%","3516/161882/7046/157378/7048/6659/6262/6926/655/93649/5915/57057/54583/9794/6092/10370/182/6586/653/55742/10848/90/57211/7134/4625/7135/8829/9464/8543/113622/1301/5318/7042/9353/8701","Development"
"GO:0045597","positive regulation of cell differentiation",338,-0.375049393308273,-1.56232695432275,0.000178590093545635,0.00701761210048843,0.006141851090214,1578,"tags=34%, list=24%, signal=27%","23476/5590/201501/6772/25937/387/4739/55603/6461/10979/2737/6601/865/6197/657/4217/4041/3066/663/57178/3908/6648/23788/8289/51330/1432/5978/57698/5604/1002/3624/57154/1499/7046/91807/4017/2309/6310/6774/6792/7048/6498/6659/9181/124936/25805/6046/23316/8904/1523/655/8817/2201/26230/23394/93649/7716/55012/9472/2113/57057/9794/23011/6009/405/3717/6092/4131/9175/677/2651/2146/79647/56999/182/2260/6422/115825/255743/10848/90/9037/9693/2736/81029/55795/1948/3707/1040/5587/406/8829/222663/1052/1946/7422/5789/5578/6457/1600/53335/27185/11141/339479/7052/2013/6387/7042/64332/9423/2043/9353/3912/26011","Development"
"GO:0048013","ephrin receptor signaling pathway",23,-0.69748010953495,-1.98443648962739,0.000206661233337692,0.00795715097757273,0.0069641404664132,724,"tags=43%, list=11%, signal=39%","1123/6760/1398/2534/1948/1946/26037/2043/285220/2042","Signaling"
"GO:0007189","adenylate cyclase-activating G protein-coupled receptor signaling pathway",38,-0.611008494391075,-1.93449636401001,0.000211203668770794,0.00799887135308809,0.00700065435891309,938,"tags=47%, list=14%, signal=41%","2778/5577/2776/283383/9472/3360/111/2782/9693/57211/10267/5578/5144/6387/23284/5140/11069/10846","Signaling"
"GO:0097529","myeloid leukocyte migration",51,-0.577232132171155,-1.93118864329573,0.000211975577481475,0.00799887135308809,0.00700065435891309,613,"tags=29%, list=9%, signal=27%","1525/140885/7060/79647/5594/80310/3554/7422/57118/79890/5295/2013/6387/7042/9353","Migration"
"GO:0043536","positive regulation of blood vessel endothelial cell migration",30,-0.649889124482056,-1.9571226057493,0.000226315430522645,0.00832289503146418,0.00728424158969646,1098,"tags=43%, list=16%, signal=36%","4780/8817/6667/6868/2113/10769/2260/5587/8829/3315/7422/5578/284","Migration"
"GO:0016054","organic acid catabolic process",87,0.404902732086435,1.80392161063537,0.000229550826218081,0.00833501955704512,0.00729485303837605,1659,"tags=49%, list=25%, signal=38%","51380/55268/11112/1374/10588/3033/2806/1743/137872/171586/64087/5826/30/549/1632/3295/6652/2746/36/55862/2110/6342/2805/3032/3945/56898/883/84693/5828/60496/138199/5465/3030/91452/51/1666/51390/56922/2108/37/56267/5467/10003","Metabolism"
"GO:0046395","carboxylic acid catabolic process",87,0.404902732086435,1.80392161063537,0.000229550826218081,0.00833501955704512,0.00729485303837605,1659,"tags=49%, list=25%, signal=38%","51380/55268/11112/1374/10588/3033/2806/1743/137872/171586/64087/5826/30/549/1632/3295/6652/2746/36/55862/2110/6342/2805/3032/3945/56898/883/84693/5828/60496/138199/5465/3030/91452/51/1666/51390/56922/2108/37/56267/5467/10003","Metabolism"
"GO:0045596","negative regulation of cell differentiation",265,-0.377053673441513,-1.54368392424382,0.000255748686626904,0.00896153531164623,0.00784318292827767,1628,"tags=37%, list=24%, signal=29%","4088/51265/4904/57534/51441/27031/6772/25937/348093/6461/23240/10979/2737/5108/55294/865/657/4041/6648/3516/57721/5787/8848/5978/161882/6272/3624/1499/2064/7046/171023/2309/4780/6774/6431/6498/6659/57142/25805/6926/655/90864/3481/57045/5087/80349/7204/93649/4211/8451/5915/284273/22882/51232/9759/3949/6760/81792/2308/1289/4212/81606/677/857/4077/79577/2146/79647/10253/182/6422/653/5594/63976/9037/9693/55795/3707/9745/406/8829/130733/9464/7422/144165/28959/1600/53335/5318/6095/5295/10766/7042/9423/10252/54756/2043/1290","Development"
"GO:0023061","signal release",154,-0.426945241402379,-1.66839733473869,0.000277119752086794,0.00940731371433099,0.00823333053537221,938,"tags=32%, list=14%, signal=29%","4041/3708/79971/134/2182/55737/5019/5978/3624/6659/6926/2778/6812/3667/84961/5581/6868/774/3840/26059/2308/3717/2550/22987/80331/5908/1407/111/29085/10765/2260/114897/27445/5587/54407/5125/406/1946/143425/80223/5578/8224/7052/6616/9378/6387/51762/1131/8499/11069","Signaling"
"GO:1904018","positive regulation of vasculature development",59,-0.548671780756538,-1.87826989115674,0.000285679579022567,0.00964084555795569,0.00843771883552721,1282,"tags=47%, list=19%, signal=39%","7082/285/92140/3099/1499/7046/4780/6774/7048/57142/3728/8817/28996/6667/2113/65125/5315/306/9037/5587/8829/3315/7422/5578/7052/2013/6387/147372","Development"
"GO:0002088","lens development in camera-type eye",36,-0.616924738372944,-1.93384726559592,0.00028848669003839,0.00967864409795465,0.00847080031691673,1259,"tags=50%, list=19%, signal=41%","7111/1499/7046/7048/6498/28996/4211/57110/5818/10370/10253/56999/10765/131544/81029/357/25945/10252","Development"
"GO:0015986","proton motive force-driven ATP synthesis",39,0.533417502887341,2.01548247693011,0.000301900456727628,0.00995539673280644,0.00871301568130909,1700,"tags=54%, list=26%, signal=40%","4717/4723/4715/4731/4710/517/10632/4714/518/9605/522/516/4705/84833/4719/93974/515/6390/509/4724/9556","Metabolism"
"GO:0042773","ATP synthesis coupled electron transport",43,0.493796517026996,1.90603628258815,0.00032788066857542,0.0106126715954052,0.00928826610461782,354,"tags=23%, list=5%, signal=22%","1537/4717/6622/4723/7386/4715/1329/4731/1716/4710","Metabolism"
"GO:0042775","mitochondrial ATP synthesis coupled electron transport",43,0.493796517026996,1.90603628258815,0.00032788066857542,0.0106126715954052,0.00928826610461782,354,"tags=23%, list=5%, signal=22%","1537/4717/6622/4723/7386/4715/1329/4731/1716/4710","Metabolism"
"GO:0009968","negative regulation of signal transduction",586,-0.330059353620347,-1.40849729986125,0.000338677022259273,0.0107943893150081,0.00944730641039026,1622,"tags=32%, list=24%, signal=26%","5894/57630/1399/5795/51441/55681/64844/27031/55023/23476/754/5590/1000/7532/2734/83860/6772/25937/9628/387/1500/80824/348093/23240/2737/5563/55294/9978/3066/1859/27342/3708/9306/83737/1997/5621/5518/166/9912/57560/6648/80143/858/10251/4000/5495/1432/2729/197131/83787/5604/8473/6872/2909/57154/1499/51496/7046/26524/171023/65979/7534/8996/2309/6310/4780/6774/10771/25827/6498/9181/25843/25805/64750/8904/115701/655/90864/83891/9686/7126/27246/2201/5577/11171/28996/57045/3667/4052/5562/23592/25959/10758/93649/5998/23252/7334/6868/9612/51232/7321/151556/80312/30837/23118/79726/26146/57727/7091/57057/54583/10395/27122/79595/81792/1654/2308/3717/4170/7430/140885/65125/153769/11261/8870/8654/81606/3476/1407/857/29085/55366/4300/2146/51141/10253/6422/3428/10318/6586/3301/653/63976/90/5137/960/64853/57556/2534/9455/81029/11329/6198/83892/92235/9745/10625/23286/2887/406/9063/8829/9411/3315/84952/144165/5789/4163/1600/57732/83478/8682/5144/27303/6095/2070/6387/7042/10252/54756/2023/2043/9353/5140/147495/284/10846","Signaling"
"GO:0050773","regulation of dendrite development",51,-0.566500652798174,-1.89528539062525,0.000377700051881748,0.0117764412915521,0.0103068034752628,1084,"tags=37%, list=16%, signal=31%","6792/23316/1523/655/23327/57520/23011/1398/2146/5911/653/9693/57118/5789/53335/11141/23242/2043/238","Development"
"GO:0048639","positive regulation of developmental growth",66,-0.526223288182576,-1.83529925633045,0.000384559208201944,0.0118613772981428,0.010381139915808,1244,"tags=39%, list=19%, signal=32%","3516/51330/1432/57698/1002/57154/6792/3481/23394/23327/9472/57057/7430/4131/9175/2260/9037/57699/8829/1946/7422/51761/53335/27185/6387/9423","Development"
"GO:0048568","embryonic organ development",159,-0.424648711776835,-1.66439410337088,0.000421145656600918,0.0127836647191506,0.0111883307267412,1244,"tags=40%, list=19%, signal=33%","348093/7004/998/2737/2186/657/10265/3516/57545/5978/161882/5604/9645/1499/7046/5090/65979/7048/11078/6670/6262/6926/55212/655/2201/3481/28996/5087/5915/3212/26146/5818/2071/57057/54583/91584/405/59343/677/10370/51141/10253/2260/653/5594/10848/90/55084/26018/2736/4325/5930/5125/9464/7422/144165/25902/51761/1301/25945/7042/9423/23242","Development"
"GO:0097530","granulocyte migration",27,-0.657738784419463,-1.94021504888001,0.000433701209453467,0.0130954938875502,0.0114612452581332,613,"tags=37%, list=9%, signal=34%","1525/7060/79647/5594/3554/7422/57118/2013/7042/9353","Migration"
"GO:1990806","ligand-gated ion channel signaling pathway",11,-0.811084947173219,-1.92628898591536,0.000441940143216039,0.0132467333714715,0.0115936108514296,208,"tags=55%, list=3%, signal=53%","823/3708/2894/2898/9378/1131","Signaling"
"GO:0106070","regulation of adenylate cyclase-activating G protein-coupled receptor signaling pathway",9,-0.838937616570558,-1.88889097404564,0.000443328012432026,0.0132467333714715,0.0115936108514296,168,"tags=44%, list=3%, signal=43%","5578/5144/5140/10846","Signaling"
"GO:0010595","positive regulation of endothelial cell migration",51,-0.564525116860075,-1.88867603477784,0.00048043250880116,0.0142074293968673,0.0124344170753203,801,"tags=35%, list=12%, signal=31%","8817/6667/6868/8613/2113/306/10769/2260/9564/9037/5587/8829/3315/7422/5578/949/284/147372","Migration"
"GO:0060322","head development",314,-0.362044109804726,-1.50044579405774,0.000486408831457989,0.0143103972619204,0.0125245350934122,1480,"tags=28%, list=22%, signal=23%","4331/998/2737/2186/5108/84100/1950/657/84159/79971/4781/81853/57178/3516/57721/57688/5604/6872/2909/3624/221692/1499/5090/79925/2309/6310/7048/6659/57142/3985/6926/55212/655/3251/57045/5087/805/27145/9919/4211/5915/3212/2316/9612/30837/25976/3939/10395/91584/6092/4212/7360/5101/23030/1398/55122/2146/2260/6422/653/5594/9037/9693/2534/2736/10313/2131/444/140733/54407/145173/357/8829/144165/5362/1600/27185/6095/664/57477/1272/9378/6387/7042/2562/9353/53942/3912/238","Development"
"GO:0007179","transforming growth factor beta receptor signaling pathway",108,-0.445481572553179,-1.66777636520384,0.000543265150181597,0.0157409705383425,0.0137765803634568,1464,"tags=41%, list=22%, signal=32%","10979/1387/5829/2530/657/3066/57178/858/8848/8473/57154/7046/26524/6774/7048/5796/6498/25805/64750/83891/30001/2201/11171/28996/57045/4052/23592/93649/6868/80312/4093/27122/79595/8239/10370/2651/10253/255743/63976/90/9315/7042/10252/54756","Signaling"
"GO:0045638","negative regulation of myeloid cell differentiation",32,-0.625064405726708,-1.90975948308019,0.000638201674605384,0.0178404311365762,0.0156140393423059,1196,"tags=47%, list=18%, signal=39%","161882/3624/1499/80349/4211/8451/4212/677/79577/6422/63976/3707/130733/5295/10766","Development"
"GO:0060841","venous blood vessel development",10,-0.797781675155059,-1.84865300345581,0.000640428603090456,0.0178404311365762,0.0156140393423059,688,"tags=50%, list=10%, signal=45%","57057/83605/1948/7422/147372","Development"
"GO:0048738","cardiac muscle tissue development",135,-0.42662690489564,-1.64197283811122,0.00068511951645066,0.0188967820474877,0.016538563226061,1251,"tags=37%, list=19%, signal=31%","88/4000/3516/7273/1432/84700/161882/7046/91807/11214/6262/6926/115701/655/9686/10664/4879/93649/4211/5915/9472/5339/4205/57057/54583/9794/1525/10611/4892/205428/56999/2260/653/10848/90/1948/57158/7134/4625/7135/10021/8470/7422/144165/113622/1301/10052/5318/7042/26011","Development"
"GO:0001501","skeletal system development",167,-0.416079427358536,-1.64015273191346,0.000714930887552841,0.019624681827228,0.0171756249490156,1662,"tags=43%, list=25%, signal=33%","6660/285590/4088/202018/84895/85301/2734/5358/387/7004/2737/55294/6197/657/4041/84159/10265/80781/4781/166/57560/1432/1499/7046/171023/4017/79925/5636/7048/11214/6670/6926/655/8817/2778/2201/57045/5087/5915/3212/25976/56034/81792/23169/10370/22856/51141/2260/6422/653/1009/960/2736/81029/57211/4325/2131/145173/5125/4774/9464/7422/25902/302/1301/1305/7052/7042/56172/1290/158326","Development"
"GO:0048589","developmental growth",283,-0.365088909696846,-1.50286653838629,0.000752755060113445,0.0205645513327183,0.017998203692938,1244,"tags=29%, list=19%, signal=24%","3516/51330/26053/1432/57698/83931/1002/57154/1499/7046/26524/2309/6774/6792/7048/57142/8904/9686/2778/3481/23394/23327/3020/4211/5915/84298/9472/5339/57057/64762/23011/91584/8239/7430/4131/10611/10425/346007/9175/205428/677/65059/8085/2146/79647/10253/10765/2260/6422/26999/6586/104/10848/83605/9037/55083/2736/2131/57699/54437/23286/5930/8829/8470/1946/7422/144165/51761/113622/53335/27185/5738/4815/339479/6387/7042/9423/23242/10252/9353/26011","Development"
"GO:0043067","regulation of programmed cell death",555,-0.327971483904575,-1.39720596258078,0.000810701256586948,0.0218500409069367,0.0191232709422838,1480,"tags=29%, list=22%, signal=24%","4331/8850/9748/2737/5563/894/55294/10181/6197/8874/6093/65267/4217/9978/4041/3066/3708/259230/83737/9474/5621/57099/134/663/138151/5518/166/6648/23788/7082/57787/23390/88/4000/92140/51330/2729/8848/5978/83787/5604/8473/83931/10210/3624/1499/2064/7046/26524/7534/8996/6196/2309/4780/10771/6431/7072/3320/1917/6498/6659/1612/9181/57142/10987/81/6926/5757/115701/655/64769/6812/28996/2934/5519/10116/23394/5562/65264/25959/384/93649/5915/64083/6667/6868/2316/9530/2071/56981/2908/2113/57057/54583/10395/23421/5599/10533/57018/1654/2308/3717/4170/665/153769/6418/8870/56984/80331/205428/677/857/10370/2632/10769/79577/10253/2260/6422/3301/653/23097/90/9564/960/9037/9693/2534/6198/26355/57181/3707/10625/8503/8829/3315/9464/7422/8125/57118/8539/5578/23429/4293/8682/2898/7052/5295/2070/664/112399/6387/7042/2023/2043/9353/231/284/238","Cell death"
"GO:0009967","positive regulation of signal transduction",633,-0.320878437792909,-1.37255795426334,0.000857373411337503,0.022984818975903,0.0201164346880467,1464,"tags=29%, list=22%, signal=25%","10979/998/5563/1387/55294/10206/6093/1950/657/4217/9978/3066/79971/348654/5621/134/663/79933/138151/55737/5518/57178/3908/858/23788/51304/57787/102/3094/25921/23390/3516/5495/92140/51330/26053/84168/26035/8848/5604/8473/6872/54602/123920/3624/55768/1499/2064/7046/26524/171023/6774/6792/7048/6498/6659/11214/57142/3728/81/4756/25805/51322/54764/23316/64750/8904/655/192669/23387/8817/27246/8301/3481/55182/28996/57045/3667/5519/23394/26065/5562/29970/10758/80213/93649/395/64083/5581/7334/6667/6868/2316/9530/151556/23118/79726/9472/121665/56034/1460/84280/8613/3840/57057/64762/5599/27032/8239/4215/1654/6009/405/3717/4170/65125/153769/2977/6092/7181/2597/5908/857/10370/57551/768211/10769/55366/4300/1398/2651/8085/22856/79577/2146/10253/182/2260/6422/26999/114897/255743/653/90/7294/960/9037/9693/2534/81029/6198/57181/4919/3707/23286/5587/2887/80310/406/3554/8829/222663/9464/1946/7422/4330/5578/1012/10098/8682/27185/949/7052/2982/1896/5295/2013/9378/55504/7042/2043/3912/284/147372","Signaling"
"GO:0043535","regulation of blood vessel endothelial cell migration",45,-0.562249664404833,-1.83555195204518,0.000901693302191483,0.0238798361571311,0.0208997584414218,1990,"tags=56%, list=30%, signal=39%","11235/493/2549/5170/25/498/387/5547/285/4780/3728/8817/6667/6868/1460/2113/90627/10769/2260/5587/8829/3315/7422/5578/284","Migration"
"GO:0006399","tRNA metabolic process",105,0.354683303924856,1.63596035609899,0.000959776541451696,0.0252579725610476,0.0221059106843293,2056,"tags=46%, list=31%, signal=32%","6301/81605/23016/91801/60487/4677/2926/56986/64172/150962/79828/2058/55798/123263/26610/11128/51095/80746/57604/3376/5394/16/80755/4141/55687/11340/833/51520/9330/80745/10056/9692/116461/2617/55253/152992/55250/25940/23405/10940/81890/25821/54482/64118/54522/9329/9147/55278","Metabolism"
"GO:0021954","central nervous system neuron development",41,-0.572266654098991,-1.83733601399363,0.000972794328747401,0.0254836578265929,0.022303431618001,1689,"tags=54%, list=25%, signal=40%","6683/9334/1399/55681/4781/57178/2909/3251/2560/91584/6092/57551/1398/104/1009/9693/2736/8829/5578/27185/2043/9353","Development"
"GO:0072350","tricarboxylic acid metabolic process",10,0.780285844810952,2.0158433665598,0.000994732606893626,0.0258225383065553,0.0226000215998218,746,"tags=50%, list=11%, signal=44%","3419/1431/3417/2746/48","Metabolism"
"GO:0008283","cell population proliferation",656,-0.316051328137888,-1.35339204510939,0.00110847987101325,0.0282637734222357,0.0247366034373483,1629,"tags=31%, list=24%, signal=26%","9537/4088/498/5894/57630/1399/5795/51441/64844/55023/4726/1000/201501/6772/25937/387/348093/823/6461/55120/4331/8850/23240/10979/998/2737/894/5108/55294/10181/6303/10910/1950/657/4217/4041/3066/83737/80781/2768/5621/134/4781/138151/55536/81853/57178/57560/6648/858/7082/10290/23367/102/4000/3516/57472/1432/3300/26035/8848/5604/10210/3624/1499/23060/2064/7046/1660/4017/55214/6196/2309/6310/6774/6431/7048/5796/9788/6659/9181/58490/57142/3728/25805/9891/6926/655/3251/222484/192669/9686/8817/3481/10664/28996/57045/5087/23515/3667/5562/25959/384/3020/93649/4211/8451/5915/7163/6667/6868/2316/9759/5527/56034/1460/6775/84280/2113/54890/57057/6760/64762/6117/10395/23421/6713/10087/2308/405/3717/2550/4212/7060/10425/81606/5908/205428/27085/677/857/10370/2782/55366/1398/2651/8493/8085/79577/2146/79647/10253/10765/182/2260/6422/6586/104/653/5594/9037/9693/2534/3490/56950/1948/57181/4325/2131/444/4919/3707/23286/5587/80310/7412/5163/8829/9846/4774/9464/7422/4330/51761/4163/23081/5578/1012/27185/949/6095/5295/2013/10766/6387/7042/64332/9423/10252/2043/3912/26011/284/238","Cell cycle"
"GO:0051897","positive regulation of phosphatidylinositol 3-kinase/protein kinase B signal transduction",73,-0.4938595133253,-1.75222351665931,0.00114237613566962,0.0287447889927045,0.0251575907993726,1681,"tags=45%, list=25%, signal=34%","253260/2137/23384/5795/10979/998/1950/92140/7046/57142/8904/3481/3667/9530/56034/84280/3717/2651/10253/2260/114897/9037/2534/6198/5587/80310/3554/1946/7422/5578/9378/7042/284","Signaling"
"GO:0035051","cardiocyte differentiation",89,-0.46406184837109,-1.6937680211344,0.00123023928154026,0.0307460400257794,0.0269090962492716,1251,"tags=42%, list=19%, signal=34%","88/4000/3516/7273/84700/5978/3624/91807/11214/6926/115701/655/10664/93649/4211/5915/9472/5339/4205/9794/1525/10611/4892/10370/182/5594/90/1948/7412/8470/9464/7422/144165/113622/7042/10252/26011","Development"
"GO:0009062","fatty acid catabolic process",49,0.44624442098828,1.77132873449263,0.00128127735801086,0.0315480180382331,0.0276109916318582,1623,"tags=51%, list=24%, signal=39%","55268/1374/3033/171586/5826/30/549/1632/3295/55862/2110/6342/3032/56898/84693/5828/5465/3030/91452/51/1666/51390/2108/37/5467","Metabolism"
"GO:0001654","eye development",157,-0.40787389727033,-1.59656866482291,0.00136139315899938,0.0329549052876769,0.0288423067662759,1409,"tags=38%, list=21%, signal=31%","84100/4041/3066/10265/4781/7111/57545/10210/341640/2909/3624/1499/7046/57835/5090/65979/221935/6774/7048/6498/6659/6670/3985/55212/655/2201/28996/57045/5087/4211/5915/775/22882/57110/26146/5818/1289/4212/10370/2782/10253/56999/10765/182/55714/131544/10848/81029/145173/357/8829/4774/7422/144165/51761/25945/7042/54549/10252/1290","Development"
"GO:0150063","visual system development",157,-0.40787389727033,-1.59656866482291,0.00136139315899938,0.0329549052876769,0.0288423067662759,1409,"tags=38%, list=21%, signal=31%","84100/4041/3066/10265/4781/7111/57545/10210/341640/2909/3624/1499/7046/57835/5090/65979/221935/6774/7048/6498/6659/6670/3985/55212/655/2201/28996/57045/5087/4211/5915/775/22882/57110/26146/5818/1289/4212/10370/2782/10253/56999/10765/182/55714/131544/10848/81029/145173/357/8829/4774/7422/144165/51761/25945/7042/54549/10252/1290","Development"
"GO:0072001","renal system development",127,-0.424335791556477,-1.62155315860338,0.00151878030258777,0.0355378750617902,0.0311029355237451,1281,"tags=41%, list=19%, signal=34%","27031/4726/6772/25937/11064/387/2737/84159/285/26249/57545/341640/1499/7046/171023/9788/6659/655/5087/25959/10758/384/93649/5915/25976/26146/9955/6092/55366/2146/56913/182/2260/6422/255743/55083/2736/1948/2131/80310/5125/8829/4774/7422/144165/4643/7042/10252/2043/9353/231/284","Development"
"GO:0042127","regulation of cell population proliferation",527,-0.324677299697053,-1.38052219580425,0.00152384822471682,0.0355378750617902,0.0311029355237451,1629,"tags=33%, list=24%, signal=27%","9537/4088/498/5894/57630/1399/5795/64844/55023/1000/201501/6772/25937/387/348093/823/55120/4331/8850/23240/10979/998/2737/894/55294/10181/6303/1950/657/4217/4041/3066/83737/80781/2768/5621/134/4781/138151/55536/57178/57560/6648/858/7082/10290/102/4000/3516/57472/1432/3300/26035/8848/5604/10210/3624/1499/23060/2064/7046/1660/55214/6196/2309/6310/6774/6431/7048/5796/9788/6659/9181/58490/57142/3728/25805/9891/6926/655/192669/9686/8817/3481/10664/28996/57045/5087/23515/3667/5562/25959/384/93649/4211/8451/5915/7163/6667/6868/2316/9759/5527/56034/1460/6775/2113/57057/6760/64762/6117/10395/23421/6713/2308/405/3717/2550/4212/7060/81606/27085/677/857/2651/8493/8085/79577/2146/79647/10253/10765/182/2260/6422/6586/104/653/5594/9037/9693/3490/56950/1948/57181/444/23286/5587/80310/7412/8829/9846/9464/7422/4330/51761/4163/23081/5578/1012/27185/5295/2013/10766/6387/7042/9423/10252/2043/3912/284/238","Cell cycle"
"GO:0019674","NAD+ metabolic process",21,0.586591183699989,1.89657308747083,0.00157660355886451,0.0364716718435714,0.0319201993878766,1227,"tags=48%, list=18%, signal=39%","27231/2806/8604/4190/10165/2805/10135/3945/4199/4191","Metabolism"
"GO:1902533","positive regulation of intracellular signal transduction",441,-0.333067834063837,-1.40671327149674,0.00158608339728831,0.0365436162660363,0.0319831655255347,1698,"tags=35%, list=26%, signal=28%","57153/23005/81844/51277/51701/253260/25/2137/23384/84675/4088/5894/57630/1399/5795/23476/5590/1000/7532/1147/387/7164/10979/998/5563/55294/10206/6093/1950/657/4217/9978/3066/79971/348654/5621/134/663/79933/138151/858/23788/51304/57787/3094/25921/23390/92140/26053/26035/5604/8473/6872/54602/3624/1499/2064/7046/26524/171023/6774/6792/7048/6498/11214/57142/81/51322/8904/655/192669/23387/8817/8301/3481/28996/57045/3667/5562/29970/10758/395/64083/5581/7334/2316/9530/151556/23118/79726/9472/121665/56034/1460/84280/8613/3840/64762/5599/27032/8239/4215/1654/6009/3717/4170/153769/2977/7181/2597/5908/857/10370/57551/768211/10769/1398/2651/8085/2146/10253/2260/114897/255743/653/90/960/9037/9693/2534/6198/4919/3707/23286/5587/80310/3554/8829/9464/1946/7422/4330/5578/1012/949/7052/2982/1896/5295/9378/55504/7042/2043/284","Signaling"
"GO:0035235","ionotropic glutamate receptor signaling pathway",8,-0.832912120203311,-1.81383703493648,0.00160432322891159,0.0368160094570632,0.0322215654817192,208,"tags=50%, list=3%, signal=48%","823/2894/2898/9378","Signaling"
"GO:0048880","sensory system development",159,-0.402766790553627,-1.57862876452894,0.00164417734437011,0.0374311326375052,0.0327599245306826,1409,"tags=38%, list=21%, signal=30%","84100/4041/3066/10265/4781/7111/57545/10210/341640/2909/3624/1499/7046/57835/5090/65979/221935/6774/7048/6498/6659/6670/3985/55212/655/2201/28996/57045/5087/4211/5915/775/22882/57110/26146/5818/1289/4212/10370/2782/10253/56999/10765/182/55714/131544/10848/81029/145173/357/8829/4774/7422/144165/51761/25945/7042/54549/10252/1290","Development"
"GO:0007420","brain development",294,-0.357191269430074,-1.47393342798346,0.00163813147326147,0.0374311326375052,0.0327599245306826,1480,"tags=28%, list=22%, signal=23%","4331/998/2737/2186/5108/84100/1950/657/79971/4781/81853/57178/3516/57721/57688/5604/6872/2909/3624/221692/1499/5090/79925/2309/6310/7048/6659/57142/6926/55212/655/3251/57045/5087/805/27145/9919/4211/5915/3212/2316/9612/30837/3939/10395/91584/6092/4212/7360/5101/23030/1398/55122/2146/2260/6422/653/9037/9693/2534/2736/10313/2131/140733/54407/145173/357/8829/5362/1600/27185/6095/664/57477/1272/9378/6387/2562/9353/53942/3912/238","Development"
"GO:0090092","regulation of transmembrane receptor protein serine/threonine kinase signaling pathway",124,-0.42772737471316,-1.62919247813112,0.00170078001290247,0.0382642154275352,0.033489042978513,1444,"tags=41%, list=22%, signal=33%","1387/657/3066/858/3516/26035/8848/8473/3624/55768/57154/51496/7046/26524/7048/6498/4756/25805/64750/655/83891/2201/11171/28996/57045/4052/23592/93649/6868/51232/7321/151556/80312/1460/57057/27122/79595/3717/857/10370/10253/6422/255743/653/63976/90/222663/9315/7042/10252/54756","Signaling"
"GO:1901136","carbohydrate derivative catabolic process",101,-0.437664164330501,-1.62541141817418,0.0017512077294686,0.0389406152866719,0.0340810316995725,1176,"tags=36%, list=18%, signal=30%","23788/3094/8473/3099/55768/2581/5236/11163/6774/1486/950/1854/3251/132789/5562/84676/51071/9759/3939/81792/405/5315/8870/8654/2597/960/5214/64328/5230/7167/5210/5144/23670/2023/4121/10846","Metabolism"
"GO:0006195","purine nucleotide catabolic process",67,-0.486339352394499,-1.70065260265769,0.00179971718729914,0.0395593007798282,0.0346225085033954,1297,"tags=42%, list=19%, signal=34%","2821/8850/5563/23788/3094/8473/3099/5236/11163/6774/3251/5562/84676/9759/3939/405/5315/8870/8654/2597/5214/64328/5230/7167/5210/5144/2023/10846","Metabolism"
"GO:0009154","purine ribonucleotide catabolic process",67,-0.486339352394499,-1.70065260265769,0.00179971718729914,0.0395593007798282,0.0346225085033954,1297,"tags=42%, list=19%, signal=34%","2821/8850/5563/23788/3094/8473/3099/5236/11163/6774/3251/5562/84676/9759/3939/405/5315/8870/8654/2597/5214/64328/5230/7167/5210/5144/2023/10846","Metabolism"
"GO:0045664","regulation of neuron differentiation",70,-0.484708608263115,-1.70695239511526,0.00191180219219985,0.0409254073755616,0.035818132194789,1605,"tags=41%, list=24%, signal=32%","57534/7532/387/2737/6093/663/57721/5978/2309/9181/124936/8904/655/5087/4211/22882/4131/9175/182/2260/6422/9745/9315/6457/1600/53335/339479/6387/238","Development"
"GO:0141091","transforming growth factor beta receptor superfamily signaling pathway",154,-0.403617922900631,-1.57723989289187,0.00204591952716526,0.0428373734574713,0.037491494984934,1499,"tags=40%, list=23%, signal=32%","348093/10979/1387/5829/2530/657/3066/57178/858/3516/8848/8473/3624/55768/57154/51496/7046/26524/6774/7048/5796/6498/4756/25805/64750/655/83891/30001/2201/11171/28996/57045/4052/23592/93649/6868/51232/7321/151556/80312/1460/4093/57057/27122/79595/8239/857/10370/2651/10253/6422/255743/653/63976/90/2131/222663/4774/9315/7042/10252/54756","Signaling"
"GO:0002685","regulation of leukocyte migration",54,-0.510687864767106,-1.72286158242205,0.00211137503299024,0.0440471220518727,0.0385502733296208,1997,"tags=59%, list=30%, signal=42%","27347/613/9943/27/5641/3690/25/1399/5795/387/4739/8976/27342/134/23075/102/57142/6868/65125/7060/1398/79647/653/5594/80310/3554/7422/57118/79890/5295/6387/9353","Migration"
"GO:0042572","retinol metabolic process",5,-0.892150131635477,-1.70857466068203,0.00212239122744959,0.0441165162024577,0.0386110074558908,48,"tags=60%, list=1%, signal=60%","51109/231/9227","Metabolism"
"GO:0007264","small GTPase-mediated signal transduction",258,-0.361513651909653,-1.47667205653637,0.0021986271986272,0.0452097642957858,0.0395678239481296,1490,"tags=32%, list=22%, signal=26%","57148/5900/10979/998/8874/6093/27342/2768/663/79933/51306/23075/9912/10251/26053/22898/57698/23348/5604/8473/5867/2909/2064/65979/6792/11214/9181/57142/57531/26269/7126/8301/26230/23370/7204/25959/80005/395/57636/57706/1123/57568/10395/23011/29/22808/6009/23362/65125/11261/9828/392/5908/90627/2782/10769/1398/10253/5911/9620/23221/22800/9693/9855/83892/79778/3707/8829/9411/84952/26037/9922/1600/1012/83478/7052/7042/9423/10252/57514/9353/57480/11069","Signaling"
"GO:0099643","signal release from synapse",54,-0.509750048908991,-1.71969775765784,0.00230931644233307,0.0469806681903008,0.0411177283685283,934,"tags=26%, list=14%, signal=22%","6812/84961/774/26059/22987/80331/5908/27445/54407/143425/8224/6616/9378/8499","Signaling"
"GO:1902807","negative regulation of cell cycle G1/S phase transition",29,-0.603994635558628,-1.80755057464047,0.00237700785132896,0.0478076739171414,0.0418415281386319,1146,"tags=41%, list=17%, signal=34%","3624/51322/5933/25959/79027/51065/10106/79577/2146/90/2273/7465","Cell cycle"
"GO:0097191","extrinsic apoptotic signaling pathway",82,-0.460697411811985,-1.66153279596864,0.0023678963110668,0.0478076739171414,0.0418415281386319,1325,"tags=40%, list=20%, signal=33%","5518/51304/4000/51330/2729/6272/3624/7046/8996/2309/10771/6498/1612/9181/5519/10116/1654/3717/4170/857/9994/2260/6422/653/90/2534/6198/8829/8682/5295/2070/7042/64332","Signaling"
"GO:0072523","purine-containing compound catabolic process",74,-0.472366215208587,-1.67921325117764,0.00240141557128413,0.0480032095207562,0.042012661929306,1297,"tags=35%, list=19%, signal=29%","23788/3094/8473/3099/5236/11163/6774/3251/5562/84676/9759/3939/405/5315/8801/8870/8654/2597/5214/64328/5230/7167/5210/5144/2023/10846","Metabolism"
"GO:1900747","negative regulation of vascular endothelial growth factor signaling pathway",5,-0.88740906858567,-1.69949495547956,0.00247612309869119,0.0491540422740186,0.0430198768193662,458,"tags=60%, list=7%, signal=56%","10253/57556/284","Signaling"
